<?xml version="1.0" encoding="UTF-8"?>
<project-private xmlns="http://www.netbeans.org/ns/project-private/1">
    <editor-bookmarks xmlns="http://www.netbeans.org/ns/editor-bookmarks/2" lastBookmarkId="0"/>
    <open-files xmlns="http://www.netbeans.org/ns/projectui-open-files/2">
        <group>
            <file>file:/C:/Users/LioshaT/Desktop/Лаб.р/ОП,%20ос/Term2/Lab4/src/java/lab4/MyServlet.java</file>
            <file>file:/C:/Users/LioshaT/Desktop/Лаб.р/ОП,%20ос/Term2/Lab4/web/index.jsp</file>
        </group>
    </open-files>
</project-private>
